code_module,code_presentation,id_student,gender,region,highest_education,imd_band,age_band,num_of_prev_attempts,studied_credits,score,disability,final_result
AAA,2013J,11391,M,East Anglian Region,HE Qualification,90-100%,55<=,0,240,78,N,Pass
AAA,2013J,28400,F,Scotland,HE Qualification,20-30%,35-55,0,60,70,N,Pass
AAA,2013J,30268,F,North Western Region,A Level or Equivalent,30-40%,35-55,0,60,72,Y,Withdrawn
AAA,2013J,31604,F,South East Region,A Level or Equivalent,50-60%,35-55,0,60,69,N,Pass
AAA,2013J,32885,F,West Midlands Region,Lower Than A Level,50-60%,0-35,0,60,79,N,Pass
AAA,2013J,38053,M,Wales,A Level or Equivalent,80-90%,35-55,0,60,70,N,Pass
AAA,2013J,45462,M,Scotland,HE Qualification,30-40%,0-35,0,60,72,N,Pass
AAA,2013J,45642,F,North Western Region,A Level or Equivalent,90-100%,0-35,0,120,72,N,Pass
AAA,2013J,52130,F,East Anglian Region,A Level or Equivalent,70-80%,0-35,0,90,71,N,Pass
AAA,2013J,53025,M,North Region,Post Graduate Qualification,?,55<=,0,60,68,N,Pass
AAA,2013J,57506,M,South Region,Lower Than A Level,70-80%,35-55,0,60,73,N,Pass
AAA,2013J,58873,F,East Anglian Region,A Level or Equivalent,20-30%,0-35,0,60,67,N,Pass
AAA,2013J,59185,M,East Anglian Region,Lower Than A Level,60-70%,35-55,0,60,73,N,Pass
AAA,2013J,62155,F,North Western Region,HE Qualification,50-60%,0-35,0,60,83,N,Pass
AAA,2013J,63400,M,Scotland,Lower Than A Level,40-50%,35-55,0,60,66,N,Pass
AAA,2013J,65002,F,East Anglian Region,A Level or Equivalent,70-80%,0-35,0,60,59,N,Withdrawn
AAA,2013J,70464,F,West Midlands Region,A Level or Equivalent,60-70%,35-55,0,60,82,N,Pass
AAA,2013J,71361,M,Ireland,HE Qualification,?,35-55,0,60,60,N,Pass
AAA,2013J,74372,M,East Anglian Region,A Level or Equivalent,10る20ら,35-55,0,150,67,N,Fail
AAA,2013J,75091,M,South West Region,A Level or Equivalent,30-40%,35-55,0,60,73,N,Pass
AAA,2013J,77367,M,East Midlands Region,A Level or Equivalent,30-40%,0-35,0,60,75,N,Pass
AAA,2013J,91265,M,North Western Region,HE Qualification,0-10%,0-35,0,60,74,N,Pass
AAA,2013J,94961,M,South Region,Lower Than A Level,70-80%,35-55,0,60,62,N,Withdrawn
AAA,2013J,98094,M,Wales,Lower Than A Level,70-80%,35-55,0,60,63,N,Pass
AAA,2013J,100893,M,Yorkshire Region,A Level or Equivalent,20-30%,0-35,0,60,84,N,Pass
AAA,2013J,101781,M,South Region,Lower Than A Level,80-90%,35-55,0,60,80,N,Pass
AAA,2013J,102806,M,North Western Region,A Level or Equivalent,30-40%,0-35,0,60,76,N,Pass
AAA,2013J,102952,M,London Region,HE Qualification,60-70%,0-35,0,60,85,N,Pass
AAA,2013J,104476,M,Ireland,Post Graduate Qualification,?,35-55,0,60,67,N,Pass
AAA,2013J,106247,M,South Region,HE Qualification,80-90%,35-55,0,60,57,N,Withdrawn
AAA,2013J,106577,M,East Midlands Region,Lower Than A Level,20-30%,0-35,0,60,66,N,Pass
AAA,2013J,110175,M,East Anglian Region,HE Qualification,80-90%,35-55,0,60,80,N,Pass
AAA,2013J,111717,F,East Anglian Region,HE Qualification,90-100%,35-55,0,60,81,N,Pass
AAA,2013J,113295,M,Yorkshire Region,Lower Than A Level,60-70%,35-55,0,60,66,N,Pass
AAA,2013J,114017,F,North Region,Post Graduate Qualification,?,35-55,0,60,74,N,Pass
AAA,2013J,114999,M,Yorkshire Region,HE Qualification,60-70%,35-55,0,60,76,N,Pass
AAA,2013J,116541,M,Wales,HE Qualification,0-10%,0-35,0,60,72,N,Pass
AAA,2013J,116692,M,East Anglian Region,A Level or Equivalent,70-80%,35-55,0,60,73,N,Pass
AAA,2013J,118983,M,East Midlands Region,HE Qualification,30-40%,0-35,0,120,75,N,Pass
AAA,2013J,123044,M,South Region,A Level or Equivalent,40-50%,35-55,0,60,69,N,Pass
AAA,2013J,127582,F,East Midlands Region,A Level or Equivalent,40-50%,0-35,0,180,85,N,Pass
AAA,2013J,129955,M,West Midlands Region,A Level or Equivalent,50-60%,0-35,0,60,63,N,Withdrawn
AAA,2013J,132976,F,East Anglian Region,Lower Than A Level,80-90%,35-55,0,120,87,N,Pass
AAA,2013J,134143,F,South East Region,A Level or Equivalent,90-100%,35-55,0,60,72,N,Distinction
AAA,2013J,135335,F,East Anglian Region,Lower Than A Level,20-30%,0-35,0,180,72,N,Withdrawn
AAA,2013J,135400,F,South East Region,Lower Than A Level,90-100%,35-55,0,60,77,Y,Withdrawn
AAA,2013J,137873,M,South West Region,A Level or Equivalent,40-50%,35-55,0,60,45,N,Pass
AAA,2013J,141355,F,East Midlands Region,A Level or Equivalent,30-40%,0-35,0,240,65,N,Pass
AAA,2013J,141377,M,South West Region,A Level or Equivalent,90-100%,0-35,0,345,61,N,Withdrawn
AAA,2013J,142326,F,North Region,A Level or Equivalent,50-60%,35-55,0,60,75,N,Pass
AAA,2013J,144801,F,South Region,HE Qualification,80-90%,35-55,0,60,52,N,Pass
AAA,2013J,145130,M,South West Region,HE Qualification,60-70%,0-35,0,120,77,N,Pass
AAA,2013J,146188,F,West Midlands Region,A Level or Equivalent,20-30%,0-35,0,60,52,Y,Fail
AAA,2013J,147756,M,North Region,Lower Than A Level,60-70%,0-35,0,120,68,N,Fail
AAA,2013J,147793,F,North Region,Lower Than A Level,80-90%,0-35,0,90,54,N,Withdrawn
AAA,2013J,148993,F,North Western Region,A Level or Equivalent,30-40%,35-55,0,60,75,Y,Withdrawn
AAA,2013J,151358,F,London Region,A Level or Equivalent,80-90%,0-35,0,150,82,N,Pass
AAA,2013J,155550,M,London Region,A Level or Equivalent,0-10%,35-55,0,420,85,N,Pass
AAA,2013J,155854,F,East Midlands Region,A Level or Equivalent,20-30%,35-55,0,60,79,N,Pass
AAA,2013J,155984,F,East Anglian Region,Lower Than A Level,70-80%,0-35,0,60,65,N,Withdrawn
AAA,2013J,157568,F,South West Region,A Level or Equivalent,90-100%,0-35,0,60,82,N,Pass
AAA,2013J,159954,M,East Midlands Region,A Level or Equivalent,40-50%,35-55,0,60,60,N,Withdrawn
AAA,2013J,164259,M,Scotland,A Level or Equivalent,70-80%,0-35,0,60,76,N,Pass
AAA,2013J,167906,F,Yorkshire Region,A Level or Equivalent,40-50%,35-55,0,60,60,N,Pass
AAA,2013J,168936,F,West Midlands Region,Lower Than A Level,10る20ら,35-55,0,60,60,N,Pass
AAA,2013J,172112,M,Ireland,HE Qualification,?,35-55,0,60,83,N,Pass
AAA,2013J,172797,F,Ireland,A Level or Equivalent,?,35-55,0,60,85,N,Pass
AAA,2013J,174782,M,East Anglian Region,HE Qualification,90-100%,55<=,0,60,76,N,Pass
AAA,2013J,175392,M,North Region,HE Qualification,?,35-55,0,60,51,N,Pass
AAA,2013J,175932,M,North Western Region,HE Qualification,70-80%,35-55,0,60,61,N,Pass
AAA,2013J,175991,F,North Western Region,A Level or Equivalent,80-90%,0-35,0,180,76,N,Fail
AAA,2013J,180753,M,South West Region,A Level or Equivalent,30-40%,0-35,0,120,57,N,Pass
AAA,2013J,181316,F,South West Region,A Level or Equivalent,80-90%,35-55,0,120,67,N,Withdrawn
AAA,2013J,183096,F,South West Region,A Level or Equivalent,60-70%,0-35,0,60,65,N,Pass
AAA,2013J,183947,M,London Region,A Level or Equivalent,10る20ら,0-35,0,180,74,N,Pass
AAA,2013J,184271,M,South West Region,HE Qualification,80-90%,35-55,0,170,85,N,Pass
AAA,2013J,185439,M,London Region,HE Qualification,10る20ら,0-35,0,120,88,N,Fail
AAA,2013J,186149,M,Scotland,HE Qualification,30-40%,35-55,0,60,76,N,Pass
AAA,2013J,187100,M,South East Region,A Level or Equivalent,50-60%,35-55,0,60,76,N,Distinction
AAA,2013J,188278,M,Yorkshire Region,A Level or Equivalent,70-80%,35-55,0,120,75,N,Withdrawn
AAA,2013J,189879,M,Scotland,A Level or Equivalent,90-100%,0-35,0,120,69,N,Pass
AAA,2013J,192183,F,South West Region,Lower Than A Level,90-100%,0-35,0,60,68,N,Pass
AAA,2013J,195262,M,London Region,A Level or Equivalent,90-100%,0-35,0,60,75,N,Withdrawn
AAA,2013J,200860,M,London Region,Lower Than A Level,50-60%,35-55,0,60,67,N,Pass
AAA,2013J,202635,F,Wales,A Level or Equivalent,30-40%,0-35,0,60,84,N,Withdrawn
AAA,2013J,205350,M,South West Region,HE Qualification,80-90%,35-55,0,60,63,N,Pass
AAA,2013J,205719,M,East Anglian Region,A Level or Equivalent,40-50%,0-35,0,90,58,Y,Fail
AAA,2013J,227499,F,London Region,A Level or Equivalent,10る20ら,35-55,0,60,71,N,Distinction
AAA,2013J,227517,M,Ireland,HE Qualification,?,0-35,0,180,64,N,Fail
AAA,2013J,228082,M,London Region,HE Qualification,60-70%,0-35,0,60,81,N,Pass
AAA,2013J,228222,M,East Midlands Region,Lower Than A Level,50-60%,0-35,0,60,80,N,Pass
AAA,2013J,229179,M,West Midlands Region,A Level or Equivalent,20-30%,0-35,0,60,65,N,Pass
AAA,2013J,229361,M,East Midlands Region,A Level or Equivalent,50-60%,0-35,0,60,85,N,Pass
AAA,2013J,231554,M,London Region,A Level or Equivalent,40-50%,0-35,0,240,83,N,Pass
AAA,2013J,235507,M,Yorkshire Region,A Level or Equivalent,90-100%,0-35,0,240,82,N,Withdrawn
AAA,2013J,236284,M,Scotland,Post Graduate Qualification,90-100%,0-35,0,60,74,N,Pass
AAA,2013J,238007,M,South Region,HE Qualification,90-100%,55<=,0,60,85,N,Pass
AAA,2013J,240712,M,London Region,HE Qualification,80-90%,0-35,0,80,51,N,Pass
AAA,2013J,240884,M,South Region,A Level or Equivalent,90-100%,0-35,0,120,66,N,Pass
AAA,2013J,241649,M,East Anglian Region,HE Qualification,90-100%,35-55,0,60,60,N,Pass
AAA,2013J,241729,F,East Midlands Region,HE Qualification,60-70%,35-55,0,60,77,N,Fail
AAA,2013J,242793,M,London Region,HE Qualification,20-30%,35-55,0,60,84,N,Pass
AAA,2013J,246834,M,South West Region,A Level or Equivalent,90-100%,35-55,0,60,71,N,Pass
AAA,2013J,248270,M,North Western Region,Lower Than A Level,20-30%,0-35,0,90,58,N,Pass
AAA,2013J,255548,M,Wales,Lower Than A Level,20-30%,35-55,0,60,58,N,Pass
AAA,2013J,256815,M,North Western Region,HE Qualification,10る20ら,0-35,0,120,55,N,Pass
AAA,2013J,258392,F,West Midlands Region,Lower Than A Level,30-40%,0-35,0,60,60,N,Pass
AAA,2013J,258894,F,East Anglian Region,Lower Than A Level,70-80%,35-55,0,60,81,N,Pass
AAA,2013J,260355,F,London Region,A Level or Equivalent,80-90%,35-55,0,60,64,N,Withdrawn
AAA,2013J,262011,M,East Midlands Region,A Level or Equivalent,20-30%,35-55,0,60,51,N,Pass
AAA,2013J,262934,F,North Western Region,A Level or Equivalent,30-40%,35-55,0,60,80,N,Pass
AAA,2013J,268073,M,East Anglian Region,A Level or Equivalent,10る20ら,35-55,0,90,70,N,Fail
AAA,2013J,268733,M,East Anglian Region,A Level or Equivalent,30-40%,0-35,0,180,79,N,Withdrawn
AAA,2013J,271251,M,Scotland,A Level or Equivalent,80-90%,35-55,0,60,70,N,Pass
AAA,2013J,277880,F,South East Region,A Level or Equivalent,60-70%,0-35,0,60,63,N,Withdrawn
AAA,2013J,279572,M,London Region,Lower Than A Level,40-50%,0-35,0,60,61,N,Distinction
AAA,2013J,281022,F,Scotland,A Level or Equivalent,30-40%,0-35,0,150,55,N,Pass
AAA,2013J,281250,M,Wales,Lower Than A Level,70-80%,35-55,0,60,69,N,Fail
AAA,2013J,281589,M,North Western Region,HE Qualification,30-40%,0-35,0,60,78,N,Fail
AAA,2013J,282821,M,South West Region,A Level or Equivalent,30-40%,35-55,0,60,75,N,Pass
AAA,2013J,286488,M,South East Region,A Level or Equivalent,90-100%,35-55,0,60,85,N,Pass
AAA,2013J,287548,M,East Anglian Region,A Level or Equivalent,90-100%,0-35,0,120,72,N,Pass
AAA,2013J,290201,M,Wales,A Level or Equivalent,20-30%,0-35,0,60,61,N,Pass
AAA,2013J,290757,M,North Western Region,A Level or Equivalent,30-40%,0-35,0,60,38,N,Pass
AAA,2013J,291334,M,South East Region,A Level or Equivalent,90-100%,35-55,0,60,91,N,Distinction
AAA,2013J,292923,F,South East Region,A Level or Equivalent,90-100%,35-55,0,180,77,N,Withdrawn
AAA,2013J,293699,M,East Midlands Region,A Level or Equivalent,70-80%,0-35,0,120,82,N,Pass
AAA,2013J,294570,M,South East Region,HE Qualification,90-100%,55<=,0,60,58,N,Pass
AAA,2013J,294594,M,South East Region,A Level or Equivalent,90-100%,0-35,0,60,64,N,Pass
AAA,2013J,295741,M,South East Region,A Level or Equivalent,40-50%,35-55,0,240,75,N,Fail
AAA,2013J,296332,M,South Region,Post Graduate Qualification,90-100%,55<=,0,60,73,N,Distinction
AAA,2013J,298696,F,South East Region,HE Qualification,80-90%,0-35,0,60,81,N,Pass
AAA,2013J,300398,M,West Midlands Region,A Level or Equivalent,30-40%,35-55,0,60,72,N,Pass
AAA,2013J,302302,F,East Anglian Region,A Level or Equivalent,40-50%,0-35,0,60,82,N,Fail
AAA,2013J,305152,M,North Western Region,A Level or Equivalent,70-80%,0-35,0,60,47,N,Fail
AAA,2013J,305386,M,West Midlands Region,A Level or Equivalent,70-80%,0-35,0,120,55,Y,Pass
AAA,2013J,305539,F,Wales,Lower Than A Level,80-90%,0-35,0,120,88,N,Withdrawn
AAA,2013J,306107,M,West Midlands Region,A Level or Equivalent,50-60%,35-55,0,120,89,N,Pass
AAA,2013J,306466,M,East Anglian Region,A Level or Equivalent,90-100%,35-55,0,60,70,N,Pass
AAA,2013J,306897,F,London Region,A Level or Equivalent,10る20ら,0-35,0,60,77,N,Pass
AAA,2013J,307061,F,East Midlands Region,HE Qualification,10る20ら,0-35,0,60,82,N,Pass
AAA,2013J,307866,M,West Midlands Region,A Level or Equivalent,70-80%,0-35,0,60,85,N,Pass
AAA,2013J,311917,M,South West Region,A Level or Equivalent,60-70%,55<=,0,120,58,N,Pass
AAA,2013J,312537,M,South Region,Post Graduate Qualification,90-100%,55<=,0,60,38,N,Distinction
AAA,2013J,312782,M,South Region,A Level or Equivalent,90-100%,0-35,0,60,84,N,Pass
AAA,2013J,318933,F,East Anglian Region,HE Qualification,80-90%,0-35,0,120,69,N,Pass
AAA,2013J,319047,F,East Midlands Region,A Level or Equivalent,50-60%,0-35,0,60,72,N,Pass
AAA,2013J,321942,M,South Region,HE Qualification,90-100%,55<=,0,60,77,N,Pass
AAA,2013J,324002,M,East Anglian Region,HE Qualification,40-50%,35-55,0,60,57,N,Pass
AAA,2013J,324084,F,South West Region,A Level or Equivalent,10る20ら,35-55,0,60,36,N,Pass
AAA,2013J,324282,M,South East Region,A Level or Equivalent,90-100%,0-35,0,120,86,N,Pass
AAA,2013J,331358,F,South Region,HE Qualification,90-100%,35-55,0,60,71,N,Withdrawn
AAA,2013J,332789,F,East Anglian Region,A Level or Equivalent,60-70%,35-55,0,60,68,N,Pass
AAA,2013J,333059,M,Scotland,A Level or Equivalent,20-30%,0-35,0,120,64,N,Pass
AAA,2013J,333323,M,Scotland,HE Qualification,80-90%,0-35,0,60,75,N,Pass
AAA,2013J,334259,F,London Region,A Level or Equivalent,50-60%,0-35,0,150,68,N,Fail
AAA,2013J,334333,F,South West Region,A Level or Equivalent,0-10%,0-35,0,240,62,Y,Withdrawn
AAA,2013J,335764,F,South East Region,A Level or Equivalent,20-30%,0-35,0,60,74,N,Withdrawn
AAA,2013J,336207,M,East Anglian Region,A Level or Equivalent,90-100%,0-35,0,120,61,N,Pass
AAA,2013J,339972,M,North Region,A Level or Equivalent,80-90%,0-35,0,60,70,N,Pass
AAA,2013J,341872,M,East Anglian Region,Lower Than A Level,40-50%,0-35,0,180,75,N,Fail
AAA,2013J,342007,F,West Midlands Region,HE Qualification,70-80%,0-35,0,60,85,N,Withdrawn
AAA,2013J,342514,M,Scotland,Lower Than A Level,50-60%,55<=,0,60,75,N,Pass
AAA,2013J,342972,M,Yorkshire Region,HE Qualification,0-10%,0-35,0,60,49,N,Pass
AAA,2013J,343446,M,Ireland,HE Qualification,70-80%,35-55,0,120,64,N,Pass
AAA,2013J,344282,M,Yorkshire Region,A Level or Equivalent,10る20ら,0-35,0,60,64,N,Fail
AAA,2013J,345068,M,East Anglian Region,A Level or Equivalent,60-70%,0-35,0,180,68,Y,Pass
AAA,2013J,345357,M,Yorkshire Region,A Level or Equivalent,30-40%,0-35,0,60,88,N,Distinction
AAA,2013J,346025,M,East Anglian Region,A Level or Equivalent,50-60%,0-35,0,120,54,N,Pass
AAA,2013J,346843,F,Scotland,HE Qualification,50-60%,35-55,0,120,61,N,Fail
AAA,2013J,350188,M,North Western Region,HE Qualification,80-90%,35-55,0,60,58,N,Pass
AAA,2013J,354858,M,South Region,HE Qualification,90-100%,35-55,0,120,86,N,Withdrawn
AAA,2013J,357668,M,Yorkshire Region,A Level or Equivalent,10る20ら,0-35,0,60,86,N,Fail
AAA,2013J,364177,M,East Anglian Region,Lower Than A Level,70-80%,35-55,0,60,73,N,Fail
AAA,2013J,365244,F,London Region,A Level or Equivalent,0-10%,0-35,0,120,74,N,Pass
AAA,2013J,365642,M,East Anglian Region,Lower Than A Level,10る20ら,35-55,0,60,59,N,Pass
AAA,2013J,366483,M,South West Region,HE Qualification,40-50%,0-35,0,60,67,N,Pass
AAA,2013J,368194,F,South West Region,A Level or Equivalent,50-60%,0-35,0,120,65,Y,Pass
AAA,2013J,368824,M,Wales,HE Qualification,50-60%,35-55,0,120,51,N,Fail
AAA,2013J,368963,M,Yorkshire Region,Lower Than A Level,0-10%,0-35,0,180,75,N,Pass
AAA,2013J,376439,M,North Region,HE Qualification,?,0-35,0,60,53,N,Distinction
AAA,2013J,376581,F,South Region,A Level or Equivalent,80-90%,35-55,0,60,65,N,Pass
AAA,2013J,380953,M,East Midlands Region,A Level or Equivalent,80-90%,0-35,0,60,68,N,Pass
AAA,2013J,383254,M,Yorkshire Region,A Level or Equivalent,90-100%,0-35,0,120,63,N,Pass
AAA,2013J,386924,M,Ireland,Lower Than A Level,?,0-35,0,120,54,N,Pass
AAA,2013J,386952,M,Yorkshire Region,A Level or Equivalent,70-80%,0-35,0,120,55,N,Pass
AAA,2013J,388722,F,London Region,Lower Than A Level,80-90%,35-55,0,60,80,N,Pass
AAA,2013J,388885,M,South West Region,A Level or Equivalent,90-100%,35-55,0,60,52,N,Pass
AAA,2013J,390890,M,Scotland,A Level or Equivalent,0-10%,0-35,0,90,85,N,Withdrawn
AAA,2013J,392756,M,West Midlands Region,A Level or Equivalent,70-80%,0-35,0,120,81,N,Fail
AAA,2013J,392931,F,North Western Region,A Level or Equivalent,50-60%,35-55,0,120,67,N,Pass
AAA,2013J,393207,M,North Western Region,A Level or Equivalent,60-70%,0-35,0,60,80,N,Pass
AAA,2013J,396872,M,Yorkshire Region,HE Qualification,50-60%,0-35,0,180,59,N,Pass
AAA,2013J,398552,M,Yorkshire Region,Lower Than A Level,90-100%,0-35,0,240,54,N,Fail
AAA,2013J,401869,F,South East Region,Lower Than A Level,80-90%,0-35,0,60,74,N,Pass
AAA,2013J,402470,M,South West Region,Lower Than A Level,50-60%,35-55,0,60,39,N,Pass
AAA,2013J,404804,M,Wales,Lower Than A Level,20-30%,35-55,0,120,91,N,Pass
AAA,2013J,405088,M,North Region,A Level or Equivalent,20-30%,0-35,0,120,86,N,Pass
AAA,2013J,405961,M,Scotland,A Level or Equivalent,90-100%,0-35,0,240,74,Y,Withdrawn
AAA,2013J,414117,M,Yorkshire Region,A Level or Equivalent,50-60%,0-35,0,120,73,N,Pass
AAA,2013J,415969,M,West Midlands Region,HE Qualification,0-10%,35-55,0,90,77,N,Withdrawn
AAA,2013J,420087,M,Scotland,A Level or Equivalent,40-50%,0-35,0,60,73,Y,Fail
AAA,2013J,429958,F,North Western Region,A Level or Equivalent,70-80%,0-35,0,60,59,N,Pass
AAA,2013J,441018,F,South East Region,A Level or Equivalent,70-80%,0-35,0,150,82,N,Pass
AAA,2013J,441888,M,London Region,A Level or Equivalent,20-30%,0-35,0,120,77,N,Pass
AAA,2013J,442442,M,South West Region,HE Qualification,80-90%,0-35,0,120,64,N,Withdrawn
AAA,2013J,444677,M,London Region,HE Qualification,30-40%,0-35,0,60,85,N,Distinction
AAA,2013J,470588,M,South East Region,HE Qualification,90-100%,35-55,0,60,71,N,Withdrawn
AAA,2013J,489455,F,South West Region,A Level or Equivalent,20-30%,0-35,0,60,75,N,Pass
AAA,2013J,494424,F,North Region,A Level or Equivalent,80-90%,0-35,0,60,85,N,Fail
AAA,2013J,495284,M,South East Region,HE Qualification,80-90%,0-35,0,120,88,N,Pass
AAA,2013J,498857,M,North Western Region,HE Qualification,80-90%,35-55,0,60,61,N,Pass
AAA,2013J,508818,M,London Region,A Level or Equivalent,40-50%,0-35,0,120,78,N,Pass
AAA,2013J,512460,M,South East Region,HE Qualification,90-100%,0-35,0,120,67,N,Pass
AAA,2013J,544103,M,North Western Region,HE Qualification,40-50%,0-35,0,120,81,N,Pass
AAA,2013J,550383,M,South East Region,HE Qualification,60-70%,0-35,0,60,?,N,Pass
AAA,2013J,564450,M,West Midlands Region,HE Qualification,80-90%,0-35,0,120,83,N,Fail
AAA,2013J,568601,F,Scotland,HE Qualification,30-40%,0-35,0,60,80,N,Withdrawn
AAA,2013J,572652,M,West Midlands Region,HE Qualification,70-80%,0-35,0,120,64,N,Pass
AAA,2013J,580389,M,Ireland,HE Qualification,90-100%,0-35,0,120,63,N,Pass
AAA,2013J,581129,M,East Anglian Region,A Level or Equivalent,30-40%,0-35,0,120,78,N,Fail
AAA,2013J,588775,M,South West Region,A Level or Equivalent,90-100%,0-35,0,120,62,N,Pass
AAA,2013J,591774,M,South Region,Post Graduate Qualification,90-100%,35-55,0,60,82,N,Pass
AAA,2013J,603861,M,North Region,HE Qualification,?,55<=,0,60,76,N,Withdrawn
AAA,2013J,606143,M,Scotland,Post Graduate Qualification,90-100%,35-55,0,60,59,N,Fail
AAA,2013J,704156,M,South Region,HE Qualification,90-100%,55<=,0,120,73,N,Pass
AAA,2013J,705379,M,West Midlands Region,A Level or Equivalent,60-70%,55<=,0,120,90,N,Distinction
AAA,2013J,721259,F,South Region,Lower Than A Level,50-60%,55<=,0,120,66,N,Withdrawn
AAA,2013J,749412,M,South Region,Lower Than A Level,70-80%,55<=,0,60,45,N,Pass
AAA,2013J,760729,M,West Midlands Region,A Level or Equivalent,60-70%,55<=,0,60,77,N,Distinction
AAA,2013J,905042,F,East Anglian Region,A Level or Equivalent,90-100%,35-55,0,60,58,N,Pass
AAA,2013J,949618,F,South West Region,A Level or Equivalent,50-60%,35-55,0,60,85,N,Pass
AAA,2013J,958987,M,North Western Region,HE Qualification,40-50%,35-55,0,60,61,N,Pass
AAA,2013J,968578,F,East Anglian Region,A Level or Equivalent,40-50%,35-55,0,60,67,N,Pass
AAA,2013J,969076,M,South West Region,A Level or Equivalent,80-90%,35-55,0,180,78,N,Withdrawn
AAA,2013J,971027,F,West Midlands Region,HE Qualification,90-100%,35-55,0,60,84,N,Pass
AAA,2013J,978739,M,South Region,HE Qualification,90-100%,35-55,0,60,85,N,Pass
AAA,2013J,1035023,F,London Region,Lower Than A Level,30-40%,35-55,0,60,82,N,Pass
AAA,2013J,1105478,M,Scotland,HE Qualification,80-90%,55<=,0,60,83,N,Pass
AAA,2013J,1352868,M,Yorkshire Region,A Level or Equivalent,20-30%,35-55,0,60,68,N,Withdrawn
AAA,2013J,1401935,M,West Midlands Region,A Level or Equivalent,70-80%,35-55,0,60,80,N,Fail
AAA,2013J,1402638,F,East Midlands Region,HE Qualification,30-40%,35-55,0,60,83,N,Pass
AAA,2013J,1414443,F,Yorkshire Region,A Level or Equivalent,10る20ら,35-55,0,120,65,N,Fail
AAA,2013J,1456619,M,South West Region,A Level or Equivalent,90-100%,35-55,0,60,57,N,Withdrawn
AAA,2013J,1465690,M,West Midlands Region,HE Qualification,40-50%,35-55,0,120,79,N,Pass
AAA,2013J,1472925,F,East Anglian Region,Lower Than A Level,40-50%,35-55,0,60,72,Y,Fail
AAA,2013J,1488959,M,London Region,A Level or Equivalent,70-80%,35-55,0,60,83,N,Pass
AAA,2013J,1518989,F,South East Region,Lower Than A Level,80-90%,35-55,0,60,57,N,Pass
AAA,2013J,1618738,M,London Region,Lower Than A Level,90-100%,35-55,0,60,72,N,Pass
AAA,2013J,1620151,M,South Region,HE Qualification,90-100%,35-55,0,60,72,N,Fail
AAA,2013J,1626710,M,North Western Region,A Level or Equivalent,60-70%,35-55,0,60,76,N,Distinction
AAA,2013J,1640609,M,West Midlands Region,A Level or Equivalent,30-40%,35-55,0,60,82,N,Pass
AAA,2013J,1686521,F,North Western Region,Lower Than A Level,50-60%,35-55,0,60,50,N,Withdrawn
AAA,2013J,1729319,F,Scotland,HE Qualification,40-50%,35-55,0,60,78,N,Pass
AAA,2013J,1746134,M,East Anglian Region,A Level or Equivalent,60-70%,35-55,0,60,75,N,Pass
AAA,2013J,1758449,M,South Region,Lower Than A Level,30-40%,35-55,0,75,79,N,Withdrawn
AAA,2013J,1763015,F,Scotland,A Level or Equivalent,10る20ら,35-55,0,60,75,N,Withdrawn
AAA,2013J,1765788,M,South East Region,HE Qualification,70-80%,55<=,0,60,62,N,Pass
AAA,2013J,1801229,M,Ireland,HE Qualification,?,35-55,0,60,56,N,Pass
AAA,2013J,1801641,M,Scotland,A Level or Equivalent,30-40%,35-55,0,60,30,N,Pass
AAA,2013J,1847830,M,South West Region,Lower Than A Level,40-50%,35-55,0,60,60,N,Pass
AAA,2013J,1860318,M,South West Region,Lower Than A Level,40-50%,35-55,0,300,88,Y,Pass
AAA,2013J,1889511,M,Yorkshire Region,A Level or Equivalent,50-60%,35-55,0,60,72,N,Pass
AAA,2013J,1889577,F,South Region,A Level or Equivalent,70-80%,35-55,0,60,65,Y,Pass
AAA,2013J,1894188,F,East Midlands Region,A Level or Equivalent,80-90%,0-35,0,60,80,N,Pass
AAA,2013J,1938355,M,South Region,A Level or Equivalent,90-100%,35-55,0,60,86,N,Pass
AAA,2013J,1942396,F,East Anglian Region,Lower Than A Level,40-50%,35-55,0,120,65,Y,Pass
AAA,2013J,1970390,M,West Midlands Region,Lower Than A Level,0-10%,35-55,0,60,50,N,Withdrawn
AAA,2013J,1976139,M,Ireland,Lower Than A Level,50-60%,35-55,0,120,68,N,Pass
AAA,2013J,2011876,F,East Anglian Region,A Level or Equivalent,90-100%,0-35,0,60,61,Y,Pass
AAA,2013J,2012966,M,North Western Region,Lower Than A Level,30-40%,35-55,0,60,76,N,Pass
AAA,2013J,2051699,F,South West Region,Lower Than A Level,70-80%,35-55,0,60,70,N,Pass
AAA,2013J,2062879,F,East Anglian Region,A Level or Equivalent,60-70%,0-35,0,60,71,N,Fail
AAA,2013J,2065691,M,London Region,A Level or Equivalent,30-40%,35-55,0,330,65,Y,Withdrawn
AAA,2013J,2073016,F,London Region,Lower Than A Level,30-40%,35-55,0,60,64,N,Withdrawn
AAA,2013J,2080474,F,South Region,A Level or Equivalent,90-100%,35-55,0,60,75,N,Pass
AAA,2013J,2083877,F,West Midlands Region,A Level or Equivalent,0-10%,0-35,0,120,73,N,Pass
AAA,2013J,2084066,F,South West Region,Lower Than A Level,50-60%,35-55,0,60,73,N,Fail
AAA,2013J,2104505,M,West Midlands Region,Lower Than A Level,0-10%,35-55,0,60,71,N,Pass
AAA,2013J,2122180,F,North Western Region,Lower Than A Level,80-90%,35-55,0,60,80,N,Distinction
AAA,2013J,2139353,M,London Region,A Level or Equivalent,50-60%,35-55,0,120,60,N,Withdrawn
AAA,2013J,2143752,F,South Region,Lower Than A Level,70-80%,35-55,0,60,72,N,Pass
AAA,2013J,2146792,M,North Western Region,HE Qualification,20-30%,55<=,0,60,11,N,Pass
AAA,2013J,2149225,M,Scotland,A Level or Equivalent,70-80%,35-55,0,60,56,Y,Withdrawn
AAA,2013J,2153153,F,Yorkshire Region,A Level or Equivalent,40-50%,0-35,0,60,76,N,Pass
AAA,2013J,2155014,F,West Midlands Region,Lower Than A Level,80-90%,0-35,0,60,70,Y,Pass
AAA,2013J,2164705,F,North Western Region,A Level or Equivalent,40-50%,0-35,0,120,67,N,Fail
AAA,2013J,2171627,F,Yorkshire Region,A Level or Equivalent,30-40%,35-55,0,60,56,N,Pass
AAA,2013J,2182846,F,London Region,A Level or Equivalent,70-80%,35-55,0,60,68,N,Pass
AAA,2013J,2194100,F,East Anglian Region,A Level or Equivalent,50-60%,35-55,0,60,90,N,Pass
AAA,2013J,2197016,F,North Western Region,HE Qualification,30-40%,35-55,0,60,63,N,Pass
AAA,2013J,2208424,M,Scotland,A Level or Equivalent,20-30%,0-35,0,60,50,N,Pass
AAA,2013J,2229865,F,West Midlands Region,A Level or Equivalent,10る20ら,35-55,0,60,64,N,Pass
AAA,2013J,2255601,F,South Region,A Level or Equivalent,80-90%,35-55,0,120,75,N,Withdrawn
AAA,2013J,2268379,F,East Midlands Region,A Level or Equivalent,20-30%,0-35,0,60,55,N,Pass
AAA,2013J,2278464,M,South Region,Lower Than A Level,30-40%,35-55,0,60,77,N,Pass
AAA,2013J,2293923,M,South Region,A Level or Equivalent,90-100%,0-35,0,150,86,N,Pass
AAA,2013J,2312620,F,East Midlands Region,HE Qualification,20-30%,35-55,0,60,80,N,Withdrawn
AAA,2013J,2318055,M,Wales,A Level or Equivalent,90-100%,35-55,0,60,51,N,Withdrawn
AAA,2013J,2324976,F,Scotland,HE Qualification,90-100%,35-55,0,60,67,N,Withdrawn
AAA,2013J,2329342,F,East Anglian Region,Lower Than A Level,40-50%,35-55,0,120,66,N,Pass
AAA,2013J,2339528,F,London Region,Lower Than A Level,40-50%,0-35,0,60,40,N,Distinction
AAA,2013J,2342426,M,Yorkshire Region,Lower Than A Level,20-30%,35-55,0,60,60,N,Fail
AAA,2013J,2344901,F,Yorkshire Region,A Level or Equivalent,60-70%,0-35,0,60,88,N,Fail
AAA,2013J,2358056,F,North Region,HE Qualification,?,0-35,0,60,85,N,Fail
AAA,2013J,2358969,F,East Anglian Region,A Level or Equivalent,70-80%,0-35,0,180,62,N,Withdrawn
AAA,2013J,2364471,F,Scotland,HE Qualification,90-100%,0-35,0,60,77,Y,Pass
AAA,2013J,2365101,M,South East Region,HE Qualification,20-30%,0-35,0,300,82,N,Withdrawn
AAA,2013J,2367155,F,East Anglian Region,A Level or Equivalent,80-90%,0-35,0,120,63,N,Pass
AAA,2013J,2369266,F,London Region,Lower Than A Level,70-80%,35-55,0,60,70,N,Pass
AAA,2013J,2376496,F,East Midlands Region,A Level or Equivalent,20-30%,0-35,0,120,74,N,Pass
AAA,2013J,2391984,M,South Region,A Level or Equivalent,90-100%,0-35,0,60,82,N,Withdrawn
AAA,2013J,2411661,F,South Region,A Level or Equivalent,80-90%,0-35,0,120,74,N,Fail
AAA,2013J,2411778,M,Scotland,HE Qualification,20-30%,0-35,0,120,63,N,Withdrawn
AAA,2013J,2412002,M,South West Region,Lower Than A Level,50-60%,35-55,0,90,58,N,Distinction
AAA,2013J,2412967,F,South Region,A Level or Equivalent,80-90%,35-55,0,60,71,N,Pass
AAA,2013J,2429854,M,London Region,A Level or Equivalent,10る20ら,35-55,0,120,69,Y,Withdrawn
AAA,2013J,2437837,F,North Region,A Level or Equivalent,30-40%,0-35,0,60,72,N,Pass
AAA,2013J,2449878,F,East Midlands Region,A Level or Equivalent,30-40%,0-35,0,60,62,N,Pass
AAA,2013J,2456480,M,Scotland,Lower Than A Level,80-90%,35-55,0,120,77,N,Fail
AAA,2013J,2457256,M,South Region,Lower Than A Level,80-90%,35-55,0,180,62,N,Pass
AAA,2013J,2458355,M,London Region,Lower Than A Level,80-90%,35-55,0,60,94,N,Pass
AAA,2013J,2460080,M,Scotland,HE Qualification,90-100%,55<=,0,60,75,N,Pass
AAA,2013J,2461190,M,South Region,HE Qualification,70-80%,55<=,0,60,54,N,Fail
AAA,2013J,2469673,F,Yorkshire Region,Lower Than A Level,20-30%,35-55,0,60,70,N,Fail
AAA,2013J,2470694,F,Scotland,HE Qualification,50-60%,55<=,0,60,87,N,Withdrawn
AAA,2013J,2479954,M,North Western Region,A Level or Equivalent,40-50%,0-35,0,60,86,N,Pass
AAA,2013J,2481901,M,Wales,Lower Than A Level,80-90%,35-55,0,60,63,N,Pass
AAA,2013J,2482700,M,South Region,Lower Than A Level,90-100%,0-35,0,120,66,N,Pass
AAA,2013J,2486127,F,East Anglian Region,HE Qualification,90-100%,0-35,0,120,64,N,Pass
AAA,2013J,2498700,F,North Western Region,Lower Than A Level,40-50%,0-35,0,240,75,N,Pass
AAA,2013J,2516503,M,South East Region,HE Qualification,40-50%,35-55,0,60,75,N,Pass
AAA,2013J,2518069,M,East Midlands Region,A Level or Equivalent,90-100%,0-35,0,60,87,N,Pass
AAA,2013J,2521459,F,London Region,Lower Than A Level,10る20ら,0-35,0,60,66,N,Pass
AAA,2013J,2523736,M,North Western Region,A Level or Equivalent,20-30%,55<=,0,120,80,N,Pass
AAA,2013J,2529279,F,North Western Region,HE Qualification,60-70%,35-55,0,60,64,N,Pass
AAA,2013J,2532302,F,East Anglian Region,A Level or Equivalent,80-90%,0-35,0,60,70,N,Pass
AAA,2013J,2536991,M,South Region,HE Qualification,90-100%,55<=,0,60,68,N,Distinction
AAA,2013J,2542724,F,West Midlands Region,Lower Than A Level,40-50%,0-35,0,60,67,N,Withdrawn
AAA,2013J,2550279,F,North Region,HE Qualification,?,35-55,0,60,67,N,Pass
AAA,2013J,2551220,F,South Region,Lower Than A Level,90-100%,0-35,0,60,76,N,Pass
AAA,2013J,2552472,F,South Region,HE Qualification,80-90%,35-55,0,120,66,N,Withdrawn
AAA,2013J,2555340,F,South Region,HE Qualification,90-100%,35-55,0,60,78,N,Pass
AAA,2013J,2557283,M,Yorkshire Region,HE Qualification,80-90%,55<=,0,60,49,N,Pass
AAA,2013J,2559575,M,South West Region,Lower Than A Level,30-40%,0-35,0,60,87,N,Pass
AAA,2013J,2562034,M,East Anglian Region,A Level or Equivalent,70-80%,0-35,0,60,75,N,Pass
AAA,2013J,2566163,F,South Region,A Level or Equivalent,80-90%,0-35,0,60,83,N,Pass
AAA,2013J,2566592,F,South Region,A Level or Equivalent,90-100%,35-55,0,60,48,N,Pass
AAA,2013J,2569324,M,South Region,A Level or Equivalent,90-100%,0-35,0,120,76,N,Withdrawn
AAA,2013J,2574528,M,Ireland,HE Qualification,?,35-55,0,60,67,N,Pass
AAA,2013J,2574583,M,Yorkshire Region,Lower Than A Level,70-80%,35-55,0,60,59,N,Pass
AAA,2013J,2576122,M,North Western Region,A Level or Equivalent,70-80%,0-35,0,60,46,N,Withdrawn
AAA,2013J,2578995,F,West Midlands Region,A Level or Equivalent,10る20ら,0-35,0,60,83,Y,Pass
AAA,2013J,2586560,F,East Anglian Region,Lower Than A Level,80-90%,35-55,0,60,74,N,Pass
AAA,2013J,2594139,F,South West Region,A Level or Equivalent,50-60%,0-35,0,60,70,N,Pass
AAA,2013J,2598871,F,East Anglian Region,A Level or Equivalent,80-90%,35-55,0,60,86,N,Pass
AAA,2013J,2599352,F,Scotland,A Level or Equivalent,30-40%,0-35,0,120,86,N,Pass
AAA,2013J,2600688,M,West Midlands Region,A Level or Equivalent,20-30%,0-35,0,60,89,N,Pass
AAA,2013J,2606098,F,East Midlands Region,A Level or Equivalent,90-100%,0-35,0,60,58,N,Pass
AAA,2013J,2613116,F,London Region,Lower Than A Level,10る20ら,35-55,0,60,68,N,Pass
AAA,2013J,2617002,F,Yorkshire Region,A Level or Equivalent,80-90%,0-35,0,60,83,N,Pass
AAA,2013J,2620584,M,West Midlands Region,A Level or Equivalent,40-50%,0-35,0,60,61,Y,Fail
AAA,2013J,2639449,M,East Midlands Region,A Level or Equivalent,10る20ら,0-35,0,120,80,N,Pass
AAA,2013J,2639540,F,North Western Region,A Level or Equivalent,90-100%,35-55,0,60,73,N,Pass
AAA,2013J,2639641,M,South East Region,Lower Than A Level,30-40%,35-55,0,120,63,N,Pass
AAA,2013J,2641155,M,East Midlands Region,Lower Than A Level,50-60%,35-55,0,60,78,N,Pass
AAA,2013J,2643002,F,South West Region,A Level or Equivalent,80-90%,35-55,0,60,77,N,Pass
AAA,2013J,2645733,F,South West Region,A Level or Equivalent,40-50%,0-35,0,180,62,N,Pass
AAA,2013J,2649826,M,East Anglian Region,Lower Than A Level,60-70%,35-55,0,60,68,N,Distinction
AAA,2013J,2650282,M,London Region,A Level or Equivalent,0-10%,35-55,0,60,58,N,Pass
AAA,2013J,2664024,M,South East Region,HE Qualification,90-100%,35-55,0,60,65,N,Pass
AAA,2013J,2666246,M,North Western Region,A Level or Equivalent,90-100%,0-35,0,60,85,N,Pass
AAA,2013J,2669816,M,Yorkshire Region,A Level or Equivalent,90-100%,0-35,0,60,65,N,Fail
AAA,2013J,2671132,M,London Region,HE Qualification,20-30%,55<=,0,60,25,N,Pass
AAA,2013J,2676809,F,North Region,HE Qualification,10る20ら,0-35,0,150,68,N,Fail
AAA,2013J,2678643,F,South Region,A Level or Equivalent,80-90%,0-35,0,60,60,N,Pass
AAA,2013J,2685865,F,East Midlands Region,Lower Than A Level,30-40%,0-35,0,60,76,N,Pass
AAA,2013J,2688067,M,East Anglian Region,A Level or Equivalent,10る20ら,0-35,0,60,54,N,Pass
AAA,2013J,2689958,M,East Anglian Region,A Level or Equivalent,40-50%,35-55,0,60,64,N,Distinction
AAA,2013J,2691206,F,West Midlands Region,A Level or Equivalent,50-60%,0-35,0,60,77,N,Distinction
AAA,2013J,2691244,M,South Region,A Level or Equivalent,40-50%,35-55,0,180,83,N,Pass
AAA,2013J,2694424,M,East Anglian Region,A Level or Equivalent,70-80%,35-55,0,120,85,N,Pass
AAA,2013J,2698257,M,East Midlands Region,Lower Than A Level,60-70%,0-35,0,120,86,N,Pass
AAA,2014J,6516,M,Scotland,HE Qualification,80-90%,55<=,0,60,78,N,Pass
AAA,2014J,24734,F,South Region,Lower Than A Level,60-70%,0-35,0,60,87,N,Pass
AAA,2014J,26192,F,East Anglian Region,A Level or Equivalent,60-70%,35-55,0,60,57,N,Distinction
AAA,2014J,28061,M,Yorkshire Region,Lower Than A Level,40-50%,35-55,0,60,63,N,Pass
AAA,2014J,31600,F,South West Region,A Level or Equivalent,40-50%,0-35,0,60,76,N,Pass
AAA,2014J,46844,M,North Region,HE Qualification,30-40%,35-55,0,60,74,N,Pass
AAA,2014J,52765,F,Yorkshire Region,Lower Than A Level,0-10%,35-55,0,120,60,N,Pass
AAA,2014J,55104,F,West Midlands Region,A Level or Equivalent,60-70%,0-35,0,60,72,N,Pass
AAA,2014J,58071,M,East Anglian Region,HE Qualification,90-100%,55<=,0,60,69,N,Pass
AAA,2014J,58316,F,Wales,A Level or Equivalent,70-80%,0-35,0,120,69,N,Pass
AAA,2014J,62487,F,East Midlands Region,A Level or Equivalent,10る20ら,0-35,0,60,67,N,Pass
AAA,2014J,63165,M,South East Region,A Level or Equivalent,80-90%,35-55,0,60,50,N,Pass
AAA,2014J,65002,F,East Anglian Region,A Level or Equivalent,70-80%,0-35,1,60,50,N,Fail
AAA,2014J,70011,F,Scotland,HE Qualification,40-50%,0-35,0,60,90,N,Pass
AAA,2014J,75255,M,North Western Region,A Level or Equivalent,40-50%,0-35,0,120,76,N,Pass
AAA,2014J,79403,M,South Region,Lower Than A Level,80-90%,35-55,0,60,71,N,Withdrawn
AAA,2014J,85092,F,South West Region,Lower Than A Level,30-40%,0-35,0,60,76,N,Pass
AAA,2014J,85144,M,Scotland,A Level or Equivalent,50-60%,35-55,0,60,71,N,Pass
AAA,2014J,85302,M,London Region,Lower Than A Level,80-90%,35-55,0,60,55,N,Pass
AAA,2014J,87431,M,South East Region,Lower Than A Level,10る20ら,35-55,0,60,40,N,Withdrawn
AAA,2014J,94961,M,South Region,Lower Than A Level,70-80%,35-55,1,60,53,N,Pass
AAA,2014J,95755,M,South East Region,Lower Than A Level,90-100%,0-35,0,60,64,N,Withdrawn
AAA,2014J,101116,F,East Anglian Region,Lower Than A Level,60-70%,35-55,0,60,64,N,Pass
AAA,2014J,107489,F,London Region,HE Qualification,20-30%,0-35,0,60,60,N,Pass
AAA,2014J,108872,M,London Region,HE Qualification,80-90%,55<=,0,60,69,N,Pass
AAA,2014J,109155,F,South Region,HE Qualification,90-100%,0-35,0,60,80,N,Pass
AAA,2014J,111512,M,Wales,A Level or Equivalent,40-50%,0-35,0,60,62,N,Fail
AAA,2014J,117818,F,London Region,A Level or Equivalent,40-50%,35-55,0,60,56,N,Pass
AAA,2014J,119902,F,South West Region,A Level or Equivalent,60-70%,35-55,0,60,60,N,Withdrawn
AAA,2014J,121349,F,South West Region,A Level or Equivalent,40-50%,35-55,1,60,67,N,Pass
AAA,2014J,124064,F,South East Region,A Level or Equivalent,60-70%,0-35,0,120,64,N,Distinction
AAA,2014J,125018,M,South Region,HE Qualification,70-80%,35-55,0,60,67,N,Pass
AAA,2014J,129955,M,West Midlands Region,A Level or Equivalent,50-60%,0-35,1,60,63,N,Withdrawn
AAA,2014J,130034,F,East Anglian Region,A Level or Equivalent,60-70%,35-55,0,60,61,N,Pass
AAA,2014J,130547,F,South Region,A Level or Equivalent,70-80%,35-55,0,60,75,N,Pass
AAA,2014J,130636,M,South East Region,A Level or Equivalent,10る20ら,0-35,0,60,57,N,Pass
AAA,2014J,131390,M,East Anglian Region,A Level or Equivalent,90-100%,35-55,0,60,76,N,Pass
AAA,2014J,133816,F,South Region,A Level or Equivalent,70-80%,35-55,0,60,38,N,Pass
AAA,2014J,133922,M,North Region,Lower Than A Level,0-10%,0-35,0,60,79,N,Pass
AAA,2014J,135335,F,East Anglian Region,Lower Than A Level,20-30%,0-35,1,120,50,N,Withdrawn
AAA,2014J,135400,F,South East Region,Lower Than A Level,90-100%,35-55,1,60,59,Y,Pass
AAA,2014J,135471,M,East Anglian Region,Lower Than A Level,90-100%,35-55,0,60,51,N,Distinction
AAA,2014J,139033,M,South East Region,A Level or Equivalent,90-100%,35-55,0,60,54,N,Fail
AAA,2014J,141377,M,South West Region,A Level or Equivalent,90-100%,0-35,1,210,74,N,Pass
AAA,2014J,141506,M,Scotland,A Level or Equivalent,20-30%,35-55,0,60,67,N,Fail
AAA,2014J,146503,M,East Anglian Region,Lower Than A Level,30-40%,35-55,0,120,45,Y,Pass
AAA,2014J,147756,M,North Region,Lower Than A Level,60-70%,0-35,1,120,60,N,Pass
AAA,2014J,148993,F,North Western Region,A Level or Equivalent,30-40%,35-55,1,60,85,Y,Pass
AAA,2014J,149741,F,Scotland,A Level or Equivalent,20-30%,35-55,0,60,85,N,Pass
AAA,2014J,149962,M,West Midlands Region,A Level or Equivalent,60-70%,0-35,0,60,50,N,Pass
AAA,2014J,151587,F,Wales,A Level or Equivalent,0-10%,0-35,0,120,72,N,Withdrawn
AAA,2014J,152668,F,South Region,Lower Than A Level,90-100%,0-35,0,60,74,N,Withdrawn
AAA,2014J,155984,F,East Anglian Region,Lower Than A Level,70-80%,0-35,1,120,57,N,Pass
AAA,2014J,158707,F,South East Region,A Level or Equivalent,80-90%,0-35,0,60,83,N,Withdrawn
AAA,2014J,159954,M,East Midlands Region,A Level or Equivalent,40-50%,35-55,1,60,72,N,Withdrawn
AAA,2014J,164944,F,East Anglian Region,A Level or Equivalent,40-50%,0-35,0,60,77,Y,Pass
AAA,2014J,165226,F,Wales,A Level or Equivalent,30-40%,0-35,0,60,77,N,Fail
AAA,2014J,167961,M,South West Region,HE Qualification,70-80%,55<=,0,60,60,N,Pass
AAA,2014J,174024,M,North Region,A Level or Equivalent,10る20ら,35-55,0,60,34,N,Pass
AAA,2014J,174094,F,South East Region,Lower Than A Level,30-40%,35-55,0,60,60,Y,Pass
AAA,2014J,174745,F,East Midlands Region,A Level or Equivalent,70-80%,35-55,0,60,86,N,Pass
AAA,2014J,175447,M,London Region,A Level or Equivalent,50-60%,35-55,0,60,86,N,Pass
AAA,2014J,175772,F,East Anglian Region,HE Qualification,90-100%,35-55,0,270,50,N,Withdrawn
AAA,2014J,183057,M,Wales,Lower Than A Level,90-100%,0-35,0,60,51,N,Pass
AAA,2014J,185350,M,Yorkshire Region,Lower Than A Level,10る20ら,35-55,0,60,67,N,Fail
AAA,2014J,188278,M,Yorkshire Region,A Level or Equivalent,70-80%,35-55,1,60,83,N,Pass
AAA,2014J,199636,M,East Anglian Region,A Level or Equivalent,30-40%,35-55,0,60,72,N,Pass
AAA,2014J,199897,M,East Midlands Region,HE Qualification,10る20ら,35-55,0,60,50,N,Pass
AAA,2014J,200804,M,South Region,A Level or Equivalent,90-100%,0-35,0,60,67,N,Pass
AAA,2014J,205494,M,South West Region,HE Qualification,30-40%,35-55,0,60,76,N,Pass
AAA,2014J,228021,M,Scotland,A Level or Equivalent,40-50%,35-55,0,60,75,N,Distinction
AAA,2014J,228383,M,Yorkshire Region,HE Qualification,50-60%,0-35,0,60,75,N,Pass
AAA,2014J,232307,M,South Region,Lower Than A Level,50-60%,35-55,0,60,50,N,Pass
AAA,2014J,235068,F,East Midlands Region,Lower Than A Level,30-40%,35-55,0,60,64,N,Pass
AAA,2014J,235507,M,Yorkshire Region,A Level or Equivalent,90-100%,0-35,1,180,80,N,Pass
AAA,2014J,236875,M,West Midlands Region,A Level or Equivalent,40-50%,0-35,0,60,72,N,Pass
AAA,2014J,237274,M,Yorkshire Region,A Level or Equivalent,10る20ら,0-35,0,60,72,N,Pass
AAA,2014J,243510,F,South West Region,Lower Than A Level,60-70%,0-35,0,60,59,N,Fail
AAA,2014J,244246,F,South East Region,A Level or Equivalent,60-70%,0-35,0,60,54,N,Pass
AAA,2014J,248581,F,West Midlands Region,A Level or Equivalent,40-50%,0-35,0,60,45,N,Distinction
AAA,2014J,252073,F,Yorkshire Region,A Level or Equivalent,30-40%,35-55,0,120,75,N,Pass
AAA,2014J,254625,M,Wales,A Level or Equivalent,20-30%,35-55,0,60,72,N,Distinction
AAA,2014J,258587,M,South West Region,A Level or Equivalent,10る20ら,35-55,0,60,64,N,Distinction
AAA,2014J,260355,F,London Region,A Level or Equivalent,80-90%,35-55,1,120,62,N,Withdrawn
AAA,2014J,260623,M,South East Region,Lower Than A Level,40-50%,0-35,0,60,55,N,Pass
AAA,2014J,263251,M,East Anglian Region,A Level or Equivalent,40-50%,35-55,0,60,57,N,Pass
AAA,2014J,263543,M,East Anglian Region,Lower Than A Level,90-100%,35-55,0,60,72,N,Pass
AAA,2014J,263952,M,North Region,Lower Than A Level,?,35-55,0,60,71,N,Distinction
AAA,2014J,266524,F,South Region,A Level or Equivalent,30-40%,0-35,0,240,84,N,Pass
AAA,2014J,268733,M,East Anglian Region,A Level or Equivalent,30-40%,0-35,1,120,65,N,Fail
AAA,2014J,273346,M,East Midlands Region,Lower Than A Level,70-80%,35-55,0,60,73,N,Pass
AAA,2014J,274947,M,East Anglian Region,Lower Than A Level,40-50%,0-35,0,120,66,N,Withdrawn
AAA,2014J,275674,F,London Region,A Level or Equivalent,20-30%,0-35,0,60,75,N,Withdrawn
AAA,2014J,275792,F,East Anglian Region,HE Qualification,50-60%,0-35,0,60,72,N,Pass
AAA,2014J,277123,F,East Midlands Region,A Level or Equivalent,70-80%,35-55,0,60,70,N,Fail
AAA,2014J,277880,F,South East Region,A Level or Equivalent,60-70%,0-35,1,120,70,N,Withdrawn
AAA,2014J,281077,F,East Anglian Region,HE Qualification,50-60%,0-35,0,60,53,N,Pass
AAA,2014J,281636,F,West Midlands Region,A Level or Equivalent,20-30%,0-35,0,60,68,N,Pass
AAA,2014J,285315,M,East Anglian Region,HE Qualification,70-80%,0-35,0,60,78,N,Pass
AAA,2014J,287040,F,East Anglian Region,A Level or Equivalent,40-50%,35-55,0,90,59,N,Pass
AAA,2014J,287204,M,Scotland,A Level or Equivalent,0-10%,0-35,0,60,81,N,Pass
AAA,2014J,287210,M,Scotland,A Level or Equivalent,70-80%,35-55,0,60,64,N,Pass
AAA,2014J,288994,M,Scotland,A Level or Equivalent,30-40%,0-35,0,120,81,N,Fail
AAA,2014J,289449,M,East Midlands Region,HE Qualification,90-100%,35-55,0,60,82,N,Pass
AAA,2014J,290164,F,Scotland,HE Qualification,30-40%,35-55,0,60,84,N,Pass
AAA,2014J,292525,M,South Region,A Level or Equivalent,70-80%,0-35,0,60,58,N,Pass
AAA,2014J,292775,M,South East Region,A Level or Equivalent,40-50%,0-35,0,60,76,N,Pass
AAA,2014J,293824,F,South West Region,A Level or Equivalent,50-60%,35-55,0,60,68,N,Pass
AAA,2014J,294496,M,North Western Region,A Level or Equivalent,10る20ら,35-55,0,60,69,Y,Pass
AAA,2014J,294655,M,Wales,A Level or Equivalent,70-80%,35-55,0,60,36,N,Fail
AAA,2014J,295060,M,East Anglian Region,A Level or Equivalent,70-80%,0-35,0,60,80,N,Fail
AAA,2014J,295075,M,South Region,HE Qualification,70-80%,55<=,0,60,77,N,Pass
AAA,2014J,296424,M,Scotland,A Level or Equivalent,30-40%,35-55,0,60,62,N,Pass
AAA,2014J,298034,M,Scotland,A Level or Equivalent,70-80%,35-55,0,120,78,N,Fail
AAA,2014J,298838,F,Yorkshire Region,A Level or Equivalent,70-80%,0-35,0,60,85,N,Pass
AAA,2014J,301967,M,South West Region,A Level or Equivalent,20-30%,0-35,0,60,57,N,Pass
AAA,2014J,302476,M,South East Region,A Level or Equivalent,70-80%,0-35,0,60,74,N,Distinction
AAA,2014J,303521,F,Ireland,A Level or Equivalent,20-30%,35-55,0,60,64,N,Pass
AAA,2014J,303985,F,Scotland,HE Qualification,70-80%,0-35,1,60,85,N,Pass
AAA,2014J,304465,F,West Midlands Region,A Level or Equivalent,50-60%,0-35,0,60,68,N,Pass
AAA,2014J,306646,M,South Region,A Level or Equivalent,80-90%,0-35,0,60,71,N,Pass
AAA,2014J,309142,F,South Region,A Level or Equivalent,90-100%,35-55,0,60,30,N,Pass
AAA,2014J,310412,F,London Region,A Level or Equivalent,40-50%,35-55,0,60,69,N,Pass
AAA,2014J,311235,M,South West Region,A Level or Equivalent,50-60%,35-55,0,60,65,N,Pass
AAA,2014J,311659,M,East Anglian Region,A Level or Equivalent,70-80%,0-35,0,120,72,N,Fail
AAA,2014J,313937,M,Scotland,HE Qualification,80-90%,35-55,0,60,68,N,Pass
AAA,2014J,315076,M,Yorkshire Region,A Level or Equivalent,0-10%,0-35,0,60,80,N,Pass
AAA,2014J,315744,M,Scotland,A Level or Equivalent,90-100%,35-55,0,60,76,N,Distinction
AAA,2014J,323370,F,West Midlands Region,A Level or Equivalent,30-40%,0-35,0,120,74,N,Pass
AAA,2014J,323805,F,West Midlands Region,A Level or Equivalent,20-30%,0-35,0,180,71,N,Withdrawn
AAA,2014J,328024,M,Yorkshire Region,A Level or Equivalent,10る20ら,35-55,0,60,85,N,Pass
AAA,2014J,328734,F,East Anglian Region,A Level or Equivalent,80-90%,0-35,0,180,42,N,Withdrawn
AAA,2014J,329659,F,East Anglian Region,A Level or Equivalent,30-40%,0-35,0,60,68,Y,Fail
AAA,2014J,330594,M,South West Region,Lower Than A Level,50-60%,0-35,0,60,60,N,Pass
AAA,2014J,331358,F,South Region,HE Qualification,90-100%,35-55,1,60,86,N,Distinction
AAA,2014J,332884,M,Wales,A Level or Equivalent,60-70%,0-35,0,60,18,N,Pass
AAA,2014J,334441,M,London Region,HE Qualification,60-70%,0-35,0,60,66,N,Fail
AAA,2014J,335247,M,South West Region,A Level or Equivalent,80-90%,0-35,0,60,76,N,Pass
AAA,2014J,335764,F,South East Region,A Level or Equivalent,20-30%,0-35,1,60,74,N,Pass
AAA,2014J,337748,F,Yorkshire Region,A Level or Equivalent,30-40%,0-35,0,120,59,N,Withdrawn
AAA,2014J,338407,M,East Midlands Region,A Level or Equivalent,60-70%,35-55,0,60,68,N,Pass
AAA,2014J,341876,M,East Anglian Region,HE Qualification,10る20ら,0-35,0,120,64,N,Withdrawn
AAA,2014J,342007,F,West Midlands Region,HE Qualification,70-80%,0-35,1,60,86,N,Pass
AAA,2014J,345440,M,South Region,HE Qualification,90-100%,0-35,0,60,70,N,Pass
AAA,2014J,345519,F,North Region,A Level or Equivalent,?,0-35,0,60,78,N,Pass
AAA,2014J,346118,F,East Anglian Region,A Level or Equivalent,20-30%,35-55,0,120,66,N,Pass
AAA,2014J,348275,M,Scotland,HE Qualification,40-50%,35-55,0,120,51,N,Withdrawn
AAA,2014J,348807,M,East Midlands Region,A Level or Equivalent,80-90%,35-55,0,60,61,N,Pass
AAA,2014J,350156,M,South West Region,A Level or Equivalent,30-40%,0-35,0,120,77,N,Pass
AAA,2014J,350939,M,East Anglian Region,Lower Than A Level,80-90%,0-35,0,60,76,N,Pass
AAA,2014J,351336,F,East Midlands Region,A Level or Equivalent,10る20ら,0-35,0,60,79,N,Pass
AAA,2014J,353665,M,South Region,A Level or Equivalent,70-80%,35-55,0,60,66,N,Pass
AAA,2014J,354170,F,Wales,A Level or Equivalent,0-10%,0-35,0,60,77,N,Fail
AAA,2014J,356170,M,North Western Region,HE Qualification,30-40%,0-35,0,60,63,N,Pass
AAA,2014J,358182,M,South Region,Lower Than A Level,80-90%,0-35,0,120,72,N,Pass
AAA,2014J,364957,F,East Anglian Region,HE Qualification,70-80%,35-55,0,60,66,N,Pass
AAA,2014J,369834,M,West Midlands Region,A Level or Equivalent,60-70%,0-35,0,60,82,N,Withdrawn
AAA,2014J,371710,M,Scotland,HE Qualification,10る20ら,0-35,0,60,65,N,Pass
AAA,2014J,373872,F,South Region,A Level or Equivalent,40-50%,0-35,0,60,83,N,Pass
AAA,2014J,375260,M,Ireland,HE Qualification,?,0-35,0,60,51,N,Pass
AAA,2014J,375646,M,London Region,A Level or Equivalent,40-50%,0-35,0,120,81,N,Pass
AAA,2014J,377546,M,East Anglian Region,A Level or Equivalent,50-60%,0-35,0,120,74,Y,Distinction
AAA,2014J,381642,F,North Western Region,A Level or Equivalent,20-30%,0-35,0,60,76,N,Withdrawn
AAA,2014J,382095,M,South Region,Lower Than A Level,50-60%,0-35,0,60,64,N,Pass
AAA,2014J,383180,F,South Region,A Level or Equivalent,70-80%,0-35,0,60,37,N,Withdrawn
AAA,2014J,383600,M,Scotland,A Level or Equivalent,70-80%,0-35,0,60,53,N,Pass
AAA,2014J,383723,M,East Anglian Region,HE Qualification,90-100%,55<=,0,60,72,N,Pass
AAA,2014J,384203,M,Scotland,HE Qualification,20-30%,0-35,0,120,70,N,Pass
AAA,2014J,384725,F,East Anglian Region,Lower Than A Level,90-100%,35-55,0,60,48,N,Pass
AAA,2014J,387533,M,Scotland,HE Qualification,50-60%,35-55,0,60,66,N,Fail
AAA,2014J,387954,F,South Region,A Level or Equivalent,60-70%,35-55,0,60,79,N,Withdrawn
AAA,2014J,388147,F,South West Region,A Level or Equivalent,10る20ら,35-55,0,300,75,N,Fail
AAA,2014J,390890,M,Scotland,A Level or Equivalent,0-10%,0-35,1,90,81,N,Pass
AAA,2014J,391249,M,South Region,HE Qualification,90-100%,35-55,0,60,68,N,Distinction
AAA,2014J,396599,F,South Region,Lower Than A Level,60-70%,0-35,0,120,58,Y,Fail
AAA,2014J,396655,F,South Region,Lower Than A Level,40-50%,0-35,0,180,58,Y,Fail
AAA,2014J,398171,F,South West Region,A Level or Equivalent,70-80%,0-35,0,120,79,N,Pass
AAA,2014J,398349,F,East Midlands Region,HE Qualification,70-80%,0-35,0,60,67,N,Pass
AAA,2014J,400147,M,South East Region,Lower Than A Level,60-70%,35-55,0,60,54,N,Pass
AAA,2014J,400682,F,London Region,A Level or Equivalent,20-30%,0-35,0,60,79,N,Pass
AAA,2014J,401404,M,West Midlands Region,A Level or Equivalent,90-100%,0-35,0,180,74,N,Pass
AAA,2014J,402204,M,West Midlands Region,A Level or Equivalent,?,35-55,0,60,73,N,Pass
AAA,2014J,402727,F,East Anglian Region,A Level or Equivalent,60-70%,0-35,0,60,28,Y,Pass
AAA,2014J,402961,F,North Western Region,Lower Than A Level,80-90%,35-55,0,60,59,N,Pass
AAA,2014J,404356,F,South East Region,A Level or Equivalent,90-100%,0-35,0,60,53,N,Pass
AAA,2014J,406671,M,South West Region,A Level or Equivalent,80-90%,35-55,0,60,33,N,Pass
AAA,2014J,406682,M,South East Region,HE Qualification,70-80%,55<=,0,60,62,N,Distinction
AAA,2014J,409100,M,South East Region,HE Qualification,80-90%,35-55,0,60,81,N,Pass
AAA,2014J,409703,M,East Anglian Region,A Level or Equivalent,30-40%,0-35,0,120,90,N,Pass
AAA,2014J,410092,F,North Western Region,A Level or Equivalent,0-10%,35-55,0,60,85,N,Pass
AAA,2014J,411971,M,Ireland,A Level or Equivalent,40-50%,0-35,0,60,66,N,Pass
AAA,2014J,415969,M,West Midlands Region,HE Qualification,0-10%,35-55,1,60,58,N,Fail
AAA,2014J,418731,M,Ireland,A Level or Equivalent,70-80%,0-35,0,90,70,N,Fail
AAA,2014J,421455,F,North Region,A Level or Equivalent,50-60%,0-35,0,60,59,N,Pass
AAA,2014J,424577,M,London Region,HE Qualification,10る20ら,0-35,0,120,63,N,Pass
AAA,2014J,429858,M,Ireland,Lower Than A Level,?,0-35,0,300,83,N,Distinction
AAA,2014J,431025,M,East Anglian Region,A Level or Equivalent,90-100%,0-35,0,150,67,N,Fail
AAA,2014J,439305,M,South East Region,A Level or Equivalent,60-70%,35-55,0,60,68,N,Pass
AAA,2014J,440319,F,West Midlands Region,A Level or Equivalent,20-30%,0-35,0,60,45,N,Withdrawn
AAA,2014J,442064,F,South West Region,HE Qualification,70-80%,0-35,0,120,68,N,Pass
AAA,2014J,442132,M,South West Region,HE Qualification,20-30%,0-35,0,60,76,N,Pass
AAA,2014J,446108,M,South West Region,A Level or Equivalent,70-80%,0-35,0,120,62,N,Pass
AAA,2014J,447481,M,Ireland,A Level or Equivalent,70-80%,0-35,0,60,84,N,Pass
AAA,2014J,468120,M,West Midlands Region,Lower Than A Level,50-60%,0-35,0,120,73,N,Fail
AAA,2014J,468694,M,South Region,A Level or Equivalent,90-100%,0-35,0,120,81,N,Withdrawn
AAA,2014J,470588,M,South East Region,HE Qualification,90-100%,35-55,1,60,54,N,Withdrawn
AAA,2014J,470982,F,East Anglian Region,HE Qualification,20-30%,35-55,1,120,66,N,Pass
AAA,2014J,476603,M,Wales,A Level or Equivalent,0-10%,0-35,0,120,55,N,Distinction
AAA,2014J,481022,M,East Midlands Region,A Level or Equivalent,20-30%,0-35,0,180,75,N,Fail
AAA,2014J,483800,F,Yorkshire Region,A Level or Equivalent,30-40%,0-35,0,120,56,N,Pass
AAA,2014J,484897,F,South West Region,A Level or Equivalent,90-100%,0-35,0,120,79,N,Pass
AAA,2014J,485962,F,East Anglian Region,HE Qualification,70-80%,0-35,0,120,75,N,Pass
AAA,2014J,488382,F,London Region,A Level or Equivalent,10る20ら,0-35,0,180,75,N,Withdrawn
AAA,2014J,488990,M,South West Region,A Level or Equivalent,80-90%,35-55,0,60,57,N,Pass
AAA,2014J,500113,M,South East Region,A Level or Equivalent,70-80%,0-35,0,120,65,N,Pass
AAA,2014J,503889,F,Yorkshire Region,A Level or Equivalent,30-40%,0-35,0,60,60,N,Pass
AAA,2014J,514526,M,London Region,Lower Than A Level,10る20ら,0-35,0,120,79,Y,Withdrawn
AAA,2014J,518808,F,Scotland,HE Qualification,90-100%,0-35,0,60,80,N,Pass
AAA,2014J,522482,F,Scotland,HE Qualification,70-80%,0-35,0,90,78,N,Withdrawn
AAA,2014J,527100,M,West Midlands Region,HE Qualification,70-80%,0-35,0,120,62,N,Distinction
AAA,2014J,527801,M,South West Region,Lower Than A Level,90-100%,35-55,0,120,65,N,Fail
AAA,2014J,533068,M,South Region,HE Qualification,90-100%,0-35,0,60,82,N,Pass
AAA,2014J,537081,F,Scotland,HE Qualification,10る20ら,0-35,0,120,72,N,Fail
AAA,2014J,544253,M,London Region,A Level or Equivalent,60-70%,35-55,0,120,57,N,Pass
AAA,2014J,548120,M,London Region,HE Qualification,80-90%,0-35,0,60,53,N,Pass
AAA,2014J,561467,F,South Region,A Level or Equivalent,80-90%,0-35,0,90,73,N,Withdrawn
AAA,2014J,567922,F,North Western Region,A Level or Equivalent,50-60%,0-35,0,120,70,N,Withdrawn
AAA,2014J,569505,F,East Midlands Region,HE Qualification,60-70%,35-55,0,60,69,N,Distinction
AAA,2014J,570317,M,Wales,A Level or Equivalent,70-80%,0-35,0,120,74,N,Pass
AAA,2014J,574505,F,West Midlands Region,HE Qualification,40-50%,0-35,0,120,84,N,Pass
AAA,2014J,588477,M,Yorkshire Region,HE Qualification,20-30%,0-35,0,60,55,N,Pass
AAA,2014J,593846,M,South Region,HE Qualification,50-60%,0-35,0,120,82,N,Withdrawn
AAA,2014J,593987,F,East Anglian Region,HE Qualification,70-80%,35-55,0,180,53,N,Fail
AAA,2014J,596288,F,Scotland,HE Qualification,70-80%,0-35,0,120,52,N,Pass
AAA,2014J,598070,F,London Region,A Level or Equivalent,10る20ら,0-35,0,60,95,N,Withdrawn
AAA,2014J,603834,F,Scotland,HE Qualification,50-60%,0-35,0,90,70,N,Pass
AAA,2014J,603861,M,North Region,HE Qualification,?,55<=,1,60,80,N,Withdrawn
AAA,2014J,608440,F,South Region,HE Qualification,50-60%,35-55,0,120,59,N,Withdrawn
AAA,2014J,623710,F,South East Region,A Level or Equivalent,20-30%,35-55,0,120,76,N,Withdrawn
AAA,2014J,623840,M,East Anglian Region,A Level or Equivalent,0-10%,0-35,0,120,46,N,Pass
AAA,2014J,626240,M,South Region,HE Qualification,30-40%,0-35,0,120,78,N,Pass
AAA,2014J,628088,M,South East Region,A Level or Equivalent,70-80%,0-35,0,60,73,Y,Withdrawn
AAA,2014J,628312,F,South East Region,HE Qualification,80-90%,0-35,0,120,76,N,Withdrawn
AAA,2014J,630142,M,East Anglian Region,A Level or Equivalent,90-100%,0-35,0,120,52,N,Withdrawn
AAA,2014J,637665,F,South Region,HE Qualification,90-100%,0-35,0,60,46,N,Pass
AAA,2014J,639053,M,North Region,A Level or Equivalent,60-70%,0-35,0,120,90,N,Pass
AAA,2014J,642878,M,South West Region,HE Qualification,70-80%,0-35,0,60,54,N,Withdrawn
AAA,2014J,648130,M,Yorkshire Region,A Level or Equivalent,80-90%,0-35,0,240,63,N,Withdrawn
AAA,2014J,676546,M,Scotland,HE Qualification,80-90%,0-35,0,120,75,N,Withdrawn
AAA,2014J,677186,M,South East Region,HE Qualification,70-80%,0-35,0,60,80,N,Pass
AAA,2014J,677281,M,Wales,A Level or Equivalent,80-90%,0-35,0,60,69,N,Fail
AAA,2014J,684180,M,North Region,HE Qualification,?,0-35,0,120,35,N,Pass
AAA,2014J,687698,M,Yorkshire Region,HE Qualification,20-30%,0-35,0,120,58,N,Pass
AAA,2014J,696073,F,Ireland,Lower Than A Level,?,0-35,0,60,77,N,Pass
AAA,2014J,696578,M,South Region,HE Qualification,60-70%,0-35,0,60,70,N,Withdrawn
AAA,2014J,721259,F,South Region,Lower Than A Level,50-60%,55<=,1,60,78,N,Withdrawn
AAA,2014J,852847,M,South West Region,A Level or Equivalent,60-70%,55<=,0,60,87,N,Fail
AAA,2014J,998493,F,South Region,A Level or Equivalent,90-100%,55<=,0,60,67,N,Pass
AAA,2014J,1045203,M,Wales,Lower Than A Level,0-10%,35-55,0,60,44,N,Pass
AAA,2014J,1112555,F,South Region,A Level or Equivalent,30-40%,35-55,0,60,64,N,Pass
AAA,2014J,1183831,M,South West Region,HE Qualification,70-80%,55<=,0,60,74,N,Withdrawn
AAA,2014J,1268696,M,South West Region,HE Qualification,80-90%,35-55,0,60,57,N,Pass
AAA,2014J,1336190,M,London Region,HE Qualification,80-90%,55<=,0,60,77,N,Pass
AAA,2014J,1352868,M,Yorkshire Region,A Level or Equivalent,20-30%,35-55,1,60,53,N,Pass
AAA,2014J,1398979,F,South Region,A Level or Equivalent,90-100%,55<=,0,60,75,N,Withdrawn
AAA,2014J,1456619,M,South West Region,A Level or Equivalent,90-100%,35-55,1,60,70,N,Withdrawn
AAA,2014J,1469279,F,East Anglian Region,HE Qualification,40-50%,35-55,0,120,75,N,Withdrawn
AAA,2014J,1471214,M,East Midlands Region,A Level or Equivalent,60-70%,35-55,0,60,75,N,Pass
AAA,2014J,1472925,F,East Anglian Region,Lower Than A Level,40-50%,35-55,1,60,63,Y,Pass
AAA,2014J,1484804,F,West Midlands Region,A Level or Equivalent,40-50%,35-55,0,60,65,N,Pass
AAA,2014J,1511033,M,Wales,A Level or Equivalent,50-60%,35-55,0,60,53,N,Pass
AAA,2014J,1576513,F,East Midlands Region,A Level or Equivalent,60-70%,35-55,0,60,63,N,Distinction
AAA,2014J,1609002,F,East Midlands Region,A Level or Equivalent,70-80%,35-55,0,60,70,N,Pass
AAA,2014J,1629771,M,South East Region,A Level or Equivalent,60-70%,35-55,0,60,49,N,Distinction
AAA,2014J,1676594,M,London Region,HE Qualification,80-90%,55<=,0,60,68,N,Withdrawn
AAA,2014J,1686551,F,Scotland,A Level or Equivalent,40-50%,35-55,0,60,59,N,Withdrawn
AAA,2014J,1689639,F,South East Region,Lower Than A Level,60-70%,35-55,0,60,77,N,Withdrawn
AAA,2014J,1715896,M,South Region,A Level or Equivalent,80-90%,35-55,0,60,60,N,Pass
AAA,2014J,1721270,M,South East Region,Lower Than A Level,50-60%,35-55,0,90,58,N,Pass
AAA,2014J,1757766,F,North Western Region,A Level or Equivalent,30-40%,35-55,0,60,69,N,Pass
AAA,2014J,1773377,M,London Region,A Level or Equivalent,90-100%,35-55,0,60,65,N,Pass
AAA,2014J,1799111,M,Scotland,A Level or Equivalent,60-70%,35-55,0,60,63,N,Pass
AAA,2014J,1818673,F,Scotland,HE Qualification,20-30%,35-55,0,120,54,N,Fail
AAA,2014J,1839386,F,Yorkshire Region,Lower Than A Level,30-40%,35-55,0,60,75,N,Withdrawn
AAA,2014J,1926668,M,London Region,Lower Than A Level,30-40%,35-55,0,60,80,N,Pass
AAA,2014J,1947156,F,South East Region,A Level or Equivalent,40-50%,35-55,0,60,25,N,Pass
AAA,2014J,1967783,F,South Region,A Level or Equivalent,70-80%,35-55,0,60,63,Y,Pass
AAA,2014J,1970390,M,West Midlands Region,Lower Than A Level,0-10%,35-55,1,120,74,N,Pass
AAA,2014J,1975209,M,South East Region,Lower Than A Level,40-50%,35-55,0,60,62,N,Pass
AAA,2014J,2010232,F,Scotland,A Level or Equivalent,80-90%,0-35,0,60,49,N,Pass
AAA,2014J,2045084,M,North Western Region,HE Qualification,40-50%,35-55,0,120,62,N,Fail
AAA,2014J,2057803,M,London Region,Lower Than A Level,50-60%,35-55,0,60,74,N,Pass
AAA,2014J,2073016,F,London Region,Lower Than A Level,30-40%,35-55,1,60,45,N,Fail
AAA,2014J,2085209,F,North Region,HE Qualification,40-50%,35-55,0,60,72,N,Pass
AAA,2014J,2086400,M,Scotland,A Level or Equivalent,70-80%,35-55,0,60,72,N,Pass
AAA,2014J,2139353,M,London Region,A Level or Equivalent,50-60%,35-55,1,60,52,N,Pass
AAA,2014J,2148681,F,East Midlands Region,Lower Than A Level,40-50%,35-55,0,90,76,N,Pass
AAA,2014J,2158048,F,Ireland,A Level or Equivalent,40-50%,35-55,0,60,56,N,Withdrawn
AAA,2014J,2158196,F,South West Region,Lower Than A Level,30-40%,35-55,0,120,60,N,Withdrawn
AAA,2014J,2165164,F,South West Region,Lower Than A Level,10る20ら,0-35,0,60,64,N,Pass
AAA,2014J,2168833,M,South West Region,Lower Than A Level,50-60%,35-55,0,60,42,N,Withdrawn
AAA,2014J,2207874,F,West Midlands Region,Lower Than A Level,50-60%,0-35,0,120,89,N,Fail
AAA,2014J,2240349,M,South West Region,Lower Than A Level,20-30%,35-55,0,60,68,N,Pass
AAA,2014J,2244332,M,North Western Region,A Level or Equivalent,20-30%,35-55,0,60,59,N,Distinction
AAA,2014J,2273119,F,West Midlands Region,A Level or Equivalent,30-40%,0-35,0,60,68,N,Withdrawn
AAA,2014J,2277857,F,West Midlands Region,A Level or Equivalent,70-80%,35-55,0,60,78,N,Pass
AAA,2014J,2297896,F,West Midlands Region,A Level or Equivalent,70-80%,35-55,0,60,78,N,Pass
AAA,2014J,2313257,M,London Region,A Level or Equivalent,30-40%,35-55,0,360,80,N,Withdrawn
AAA,2014J,2318055,M,Wales,A Level or Equivalent,90-100%,35-55,1,60,41,N,Pass
AAA,2014J,2330254,M,London Region,Lower Than A Level,40-50%,35-55,0,60,53,N,Pass
AAA,2014J,2355470,M,East Midlands Region,A Level or Equivalent,80-90%,35-55,0,120,78,N,Pass
AAA,2014J,2358969,F,East Anglian Region,A Level or Equivalent,70-80%,0-35,1,60,73,N,Pass
AAA,2014J,2363863,F,North Western Region,A Level or Equivalent,0-10%,0-35,0,60,75,N,Distinction
AAA,2014J,2365101,M,South East Region,HE Qualification,20-30%,0-35,1,240,15,N,Withdrawn
AAA,2014J,2369415,M,London Region,A Level or Equivalent,40-50%,35-55,0,60,81,N,Pass
AAA,2014J,2375975,F,East Anglian Region,A Level or Equivalent,60-70%,35-55,0,60,75,Y,Pass
AAA,2014J,2397661,F,East Midlands Region,Lower Than A Level,20-30%,35-55,0,60,56,N,Pass
AAA,2014J,2398313,M,East Anglian Region,Lower Than A Level,70-80%,35-55,0,60,54,N,Pass
AAA,2014J,2404408,F,South West Region,Lower Than A Level,40-50%,35-55,0,60,64,N,Fail
AAA,2014J,2425993,M,Scotland,HE Qualification,40-50%,0-35,0,60,78,N,Pass
AAA,2014J,2429854,M,London Region,A Level or Equivalent,10る20ら,35-55,1,60,72,Y,Fail
AAA,2014J,2432796,F,East Anglian Region,HE Qualification,70-80%,35-55,0,60,65,N,Pass
AAA,2014J,2434159,M,North Western Region,A Level or Equivalent,10る20ら,0-35,0,60,81,N,Pass
AAA,2014J,2436812,F,South Region,A Level or Equivalent,90-100%,0-35,0,60,80,N,Fail
AAA,2014J,2467267,M,West Midlands Region,HE Qualification,0-10%,0-35,0,60,58,N,Pass
AAA,2014J,2470694,F,Scotland,HE Qualification,50-60%,55<=,1,60,69,N,Fail
AAA,2014J,2473538,F,South East Region,A Level or Equivalent,80-90%,35-55,0,60,82,N,Pass
AAA,2014J,2474849,F,Scotland,A Level or Equivalent,0-10%,35-55,1,60,73,N,Withdrawn
AAA,2014J,2494700,M,Yorkshire Region,HE Qualification,70-80%,0-35,0,60,81,N,Pass
AAA,2014J,2500258,F,North Western Region,A Level or Equivalent,70-80%,0-35,0,120,85,N,Pass
AAA,2014J,2507842,F,North Western Region,A Level or Equivalent,90-100%,35-55,0,60,63,N,Withdrawn
AAA,2014J,2509639,M,West Midlands Region,A Level or Equivalent,80-90%,0-35,0,90,75,N,Pass
AAA,2014J,2514368,M,West Midlands Region,A Level or Equivalent,50-60%,35-55,0,60,73,N,Distinction
AAA,2014J,2514898,F,East Anglian Region,Lower Than A Level,90-100%,35-55,0,60,59,N,Pass
AAA,2014J,2521865,F,South Region,A Level or Equivalent,50-60%,35-55,0,60,73,Y,Pass
AAA,2014J,2522927,F,South West Region,A Level or Equivalent,60-70%,35-55,0,60,50,N,Pass
AAA,2014J,2540168,F,East Midlands Region,HE Qualification,70-80%,35-55,0,60,72,N,Withdrawn
AAA,2014J,2546445,M,Scotland,HE Qualification,80-90%,55<=,0,60,80,N,Withdrawn
AAA,2014J,2551797,F,South East Region,A Level or Equivalent,80-90%,0-35,0,60,76,N,Pass
AAA,2014J,2551932,M,South East Region,Lower Than A Level,50-60%,0-35,0,60,85,N,Withdrawn
AAA,2014J,2569324,M,South Region,A Level or Equivalent,90-100%,0-35,1,60,64,N,Pass
AAA,2014J,2574990,F,South West Region,HE Qualification,60-70%,35-55,0,60,63,N,Fail
AAA,2014J,2576122,M,North Western Region,A Level or Equivalent,70-80%,35-55,1,60,70,N,Fail
AAA,2014J,2578676,M,North Region,Lower Than A Level,20-30%,35-55,0,120,81,N,Pass
AAA,2014J,2581477,F,East Anglian Region,Lower Than A Level,40-50%,35-55,0,60,70,N,Pass
AAA,2014J,2584873,F,East Anglian Region,A Level or Equivalent,80-90%,0-35,0,120,86,N,Pass
AAA,2014J,2595841,F,East Midlands Region,Lower Than A Level,60-70%,35-55,0,60,85,N,Fail
AAA,2014J,2596621,M,South West Region,A Level or Equivalent,50-60%,55<=,0,60,78,N,Pass
AAA,2014J,2601889,M,West Midlands Region,HE Qualification,70-80%,35-55,0,60,81,N,Pass
AAA,2014J,2602338,F,North Western Region,Lower Than A Level,20-30%,35-55,0,120,67,N,Fail
AAA,2014J,2606802,M,North Region,A Level or Equivalent,60-70%,0-35,0,60,73,N,Fail
AAA,2014J,2624961,F,London Region,A Level or Equivalent,80-90%,0-35,0,60,80,N,Fail
AAA,2014J,2630087,F,East Midlands Region,Lower Than A Level,90-100%,35-55,0,210,75,N,Withdrawn
AAA,2014J,2633226,M,South West Region,A Level or Equivalent,50-60%,35-55,0,60,62,N,Pass
AAA,2014J,2642616,F,Yorkshire Region,A Level or Equivalent,20-30%,35-55,0,90,77,N,Pass
AAA,2014J,2642935,F,East Midlands Region,Lower Than A Level,80-90%,35-55,0,60,84,N,Distinction
AAA,2014J,2648611,F,South East Region,A Level or Equivalent,20-30%,35-55,0,60,70,N,Pass
AAA,2014J,2649800,M,West Midlands Region,Lower Than A Level,50-60%,35-55,0,60,85,N,Pass
AAA,2014J,2654628,F,East Anglian Region,Lower Than A Level,90-100%,35-55,1,60,40,N,Pass
AAA,2014J,2677624,M,North Western Region,A Level or Equivalent,10る20ら,35-55,0,90,90,N,Pass
AAA,2014J,2680312,M,Scotland,HE Qualification,90-100%,55<=,0,60,78,N,Pass
AAA,2014J,2688166,M,Yorkshire Region,Lower Than A Level,40-50%,35-55,0,60,78,N,Pass
AAA,2014J,2690062,F,North Western Region,A Level or Equivalent,90-100%,35-55,0,120,78,N,Withdrawn
AAA,2014J,2692514,M,North Western Region,Lower Than A Level,0-10%,35-55,0,120,64,N,Pass
AAA,2014J,2694788,F,South Region,A Level or Equivalent,70-80%,35-55,0,180,65,Y,Fail
